{
  "welcomeFile": "/webapp/index.html",
  "routes": [
    {
      "path": "/resources",
      "target": {
        "type": "service",
        "name": "sapui5",
        "entryPath": "/resources"
      },
      "description": "SAPUI5 Resources"
    },
    {
      "path": "/test-resources",
      "target": {
        "type": "service",
        "name": "sapui5",
        "entryPath": "/test-resources"
      },
      "description": "SAPUI5 Test Resources"
    },
    {
      "path": "/sap/opu/odata/SAP/ZCRV_DYN_SERVICE",
      "target": {
        "type": "destination",
        "name": "Crave_Dynamic"
      },
      "description": "Crave_Dynamic"
    },
      {
      "path": "/sap/opu/odata/CRVM/CM_MAINT_SRV",
      "target": {
        "type": "destination",
        "name": "cmaintenance_cm"
      },
      "description": "Crave_Dynamic"
    },
    {
      "path": "/WMS900",
      "target": {
        "type": "destination",
        "name": "WMS900"
      },
      "description": "WMS900"
    }
   
  ],
  "sendWelcomeFileRedirect": true
}