<edmx:Edmx xmlns:edmx="http://schemas.microsoft.com/ado/2007/06/edmx"
	xmlns:m="http://schemas.microsoft.com/ado/2007/08/dataservices/metadata" xmlns:sap="http://www.sap.com/Protocols/SAPData" Version="1.0">
	<edmx:DataServices m:DataServiceVersion="2.0">
		<Schema xmlns="http://schemas.microsoft.com/ado/2008/09/edm" Namespace="ZWM_PICKING_V2_SRV" xml:lang="en" sap:schema-version="1">
			<EntityType Name="PickDefaults" sap:content-version="1">
				<Key><PropertyRef Name="Uname"/></Key><Property Name="Uname" Type="Edm.String" Nullable="false" MaxLength="12" sap:unicode="false" sap:label="User" sap:creatable="false"
					sap:updatable="false" sap:sortable="false" sap:filterable="false"/><Property Name="Parid" Type="Edm.String" Nullable="false" MaxLength="20" sap:unicode="false" sap:label="Parameter ID" sap:creatable="false"
					sap:updatable="false" sap:sortable="false" sap:filterable="false"/><Property Name="Parva" Type="Edm.String" Nullable="false" MaxLength="40" sap:unicode="false" sap:label="Parameter value"
					sap:creatable="false" sap:updatable="false" sap:sortable="false" sap:filterable="false"/></EntityType>
			<EntityType Name="PickDetails" sap:content-version="1">
				<Key><PropertyRef Name="SHIPMNT_NO"/></Key><Property Name="SHIPMNT_NO" Type="Edm.String" Nullable="false" MaxLength="10" sap:unicode="false" sap:label="Shipment Number"
					sap:creatable="false" sap:updatable="false" sap:sortable="false" sap:filterable="false"/><Property Name="ShipmntItm" Type="Edm.String" Nullable="false" MaxLength="4" sap:unicode="false" sap:label="Item" sap:creatable="false"
					sap:updatable="false" sap:sortable="false" sap:filterable="false"/><Property Name="DelNo" Type="Edm.String" Nullable="false" MaxLength="10" sap:unicode="false" sap:label="Delivery" sap:creatable="false"
					sap:updatable="false" sap:sortable="false" sap:filterable="false"/><Property Name="MatNo" Type="Edm.String" Nullable="false" MaxLength="18" sap:unicode="false" sap:label="Material" sap:creatable="false"
					sap:updatable="false" sap:sortable="false" sap:filterable="false"/><Property Name="DelQty" Type="Edm.Decimal" Nullable="false" Precision="13" Scale="3" sap:unicode="false" sap:label="Delivery qty"
					sap:creatable="false" sap:updatable="false" sap:sortable="false" sap:filterable="false"/><Property Name="Unit" Type="Edm.String" Nullable="false" MaxLength="3" sap:unicode="false" sap:label="Sales unit" sap:creatable="false"
					sap:updatable="false" sap:sortable="false" sap:filterable="false"/><Property Name="WhsNo" Type="Edm.String" Nullable="false" MaxLength="3" sap:unicode="false" sap:label="Warehouse No." sap:creatable="false"
					sap:updatable="false" sap:sortable="false" sap:filterable="false"/><Property Name="ToNo" Type="Edm.String" Nullable="false" MaxLength="10" sap:unicode="false" sap:label="TO Number" sap:creatable="false"
					sap:updatable="false" sap:sortable="false" sap:filterable="false"/><Property Name="SrcStTyp" Type="Edm.String" Nullable="false" MaxLength="3" sap:unicode="false" sap:label="Source Stor.Ty."
					sap:creatable="false" sap:updatable="false" sap:sortable="false" sap:filterable="false"/><Property Name="SrcStSc" Type="Edm.String" Nullable="false" MaxLength="3" sap:unicode="false" sap:label="Src.stor.sectn"
					sap:creatable="false" sap:updatable="false" sap:sortable="false" sap:filterable="false"/><Property Name="SrcStBin" Type="Edm.String" Nullable="false" MaxLength="10" sap:unicode="false" sap:label="Source Stor.Bin"
					sap:creatable="false" sap:updatable="false" sap:sortable="false" sap:filterable="false"/><Property Name="SrcSuNo" Type="Edm.String" Nullable="false" MaxLength="20" sap:unicode="false" sap:label="Source SU no."
					sap:creatable="false" sap:updatable="false" sap:sortable="false" sap:filterable="false"/><Property Name="SrcTarQty" Type="Edm.Decimal" Nullable="false" Precision="13" Scale="3" sap:unicode="false" sap:label="Source targ.qty"
					sap:creatable="false" sap:updatable="false" sap:sortable="false" sap:filterable="false"/><Property Name="SrcActQty" Type="Edm.Decimal" Nullable="false" Precision="13" Scale="3" sap:unicode="false" sap:label="Source act.qty."
					sap:creatable="false" sap:updatable="false" sap:sortable="false" sap:filterable="false"/></EntityType>
			<EntityContainer Name="ZWM_PICKING_V2_SRV_Entities" m:IsDefaultEntityContainer="true" sap:supported-formats="atom json xlsx"><EntitySet Name="PickDefaultsSet" EntityType="ZWM_PICKING_V2_SRV.PickDefaults" sap:creatable="false" sap:updatable="false"
				sap:deletable="false" sap:pageable="false" sap:content-version="1"/><EntitySet Name="PickDetailsSet" EntityType="ZWM_PICKING_V2_SRV.PickDetails" sap:creatable="false" sap:updatable="false"
				sap:deletable="false" sap:pageable="false" sap:content-version="1"/></EntityContainer><atom:link xmlns:atom="http://www.w3.org/2005/Atom" rel="self" href="./sap/ZWM_PICKING_V2_SRV/$metadata"/><atom:link xmlns:atom="http://www.w3.org/2005/Atom" rel="latest-version" href="./sap/ZWM_PICKING_V2_SRV/$metadata"/></Schema>
	</edmx:DataServices>
</edmx:Edmx>